{"LION":{"latency":180.516256,"download":5.680927211881537,"upload":13.268270606391418},"MARS":{"latency":307.306857,"download":1.7723306802361527,"upload":4.423359731606273},"SAFE2":{"latency":116.284571,"download":11.4383297373707,"upload":29.087247240762416},"SAFE3":{"latency":197.264618,"download":3.3352144538949364,"upload":13.918089430647626}}